Year,ProgramName,Discipline
1211,B.Tech,Chemical Engineering
1311,B.Tech,Civil Engineering
1311,B.Tech,Civil Engineering
1411,B.Tech,Chemical Engineering
1411,B.Tech,Chemical Engineering
1411,B.Tech,Chemical Engineering
1411,B.Tech,Chemical Engineering
1411,B.Tech,Chemical Engineering
1411,B.Tech,Civil Engineering
1411,B.Tech,Civil Engineering
1411,B.Tech,Civil Engineering
1411,B.Tech,Civil Engineering
1411,B.Tech,Civil Engineering
1411,B.Tech,Electrical Engineering
1411,B.Tech,Electrical Engineering
1411,B.Tech,Electrical Engineering
1411,B.Tech,Electrical Engineering
1411,B.Tech,Electrical Engineering
1411,B.Tech,Materials Science & Engineering
1411,B.Tech,Materials Science & Engineering
1411,B.Tech,Materials Science & Engineering
1411,B.Tech,Mechanical Engineering
1411,B.Tech,Mechanical Engineering
1411,B.Tech,Mechanical Engineering
1411,B.Tech,Mechanical Engineering
1411,B.Tech,Mechanical Engineering
1411,B.Tech,Mechanical Engineering
1511,B.Tech,Chemical Engineering
1511,B.Tech,Chemical Engineering
1511,B.Tech,Chemical Engineering
1511,B.Tech,Chemical Engineering
1511,B.Tech,Chemical Engineering
1511,B.Tech,Chemical Engineering
1511,B.Tech,Chemical Engineering
1511,B.Tech,Chemical Engineering
1511,B.Tech,Chemical Engineering
1511,B.Tech,Chemical Engineering
1511,B.Tech,Chemical Engineering
1511,B.Tech,Chemical Engineering
1511,B.Tech,Chemical Engineering
1511,B.Tech,Chemical Engineering
1511,B.Tech,Chemical Engineering
1511,B.Tech,Chemical Engineering
1511,B.Tech,Chemical Engineering
1511,B.Tech,Chemical Engineering
1511,B.Tech,Chemical Engineering
1511,B.Tech,Chemical Engineering
1511,B.Tech,Chemical Engineering
1511,B.Tech,Chemical Engineering
1511,B.Tech,Chemical Engineering
1511,B.Tech,Chemical Engineering
1511,B.Tech,Chemical Engineering
1511,B.Tech,Chemical Engineering
1511,B.Tech,Chemical Engineering
1511,B.Tech,Civil Engineering
1511,B.Tech,Civil Engineering
1511,B.Tech,Civil Engineering
1511,B.Tech,Civil Engineering
1511,B.Tech,Civil Engineering
1511,B.Tech,Civil Engineering
1511,B.Tech,Civil Engineering
1511,B.Tech,Civil Engineering
1511,B.Tech,Civil Engineering
1511,B.Tech,Civil Engineering
1511,B.Tech,Civil Engineering
1511,B.Tech,Civil Engineering
1511,B.Tech,Civil Engineering
1511,B.Tech,Civil Engineering
1511,B.Tech,Civil Engineering
1511,B.Tech,Civil Engineering
1511,B.Tech,Civil Engineering
1511,B.Tech,Civil Engineering
1511,B.Tech,Civil Engineering
1511,B.Tech,Civil Engineering
1511,B.Tech,Civil Engineering
1511,B.Tech,Civil Engineering
1511,B.Tech,Civil Engineering
1511,B.Tech,Civil Engineering
1511,B.Tech,Civil Engineering
1511,B.Tech,Civil Engineering
1511,B.Tech,Civil Engineering
1511,B.Tech,Civil Engineering
1511,B.Tech,Civil Engineering
1511,B.Tech,Civil Engineering
1511,B.Tech,Electrical Engineering
1511,B.Tech,Electrical Engineering
1511,B.Tech,Electrical Engineering
1511,B.Tech,Electrical Engineering
1511,B.Tech,Electrical Engineering
1511,B.Tech,Electrical Engineering
1511,B.Tech,Electrical Engineering
1511,B.Tech,Electrical Engineering
1511,B.Tech,Electrical Engineering
1511,B.Tech,Electrical Engineering
1511,B.Tech,Electrical Engineering
1511,B.Tech,Electrical Engineering
1511,B.Tech,Electrical Engineering
1511,B.Tech,Electrical Engineering
1511,B.Tech,Electrical Engineering
1511,B.Tech,Electrical Engineering
1511,B.Tech,Electrical Engineering
1511,B.Tech,Electrical Engineering
1511,B.Tech,Electrical Engineering
1511,B.Tech,Electrical Engineering
1511,B.Tech,Electrical Engineering
1511,B.Tech,Electrical Engineering
1511,B.Tech,Electrical Engineering
1511,B.Tech,Electrical Engineering
1511,B.Tech,Electrical Engineering
1511,B.Tech,Electrical Engineering
1511,B.Tech,Electrical Engineering
1511,B.Tech,Electrical Engineering
1511,B.Tech,Electrical Engineering
1511,B.Tech,Electrical Engineering
1511,B.Tech,Electrical Engineering
1511,B.Tech,Electrical Engineering
1511,B.Tech,Materials Science & Engineering
1511,B.Tech,Materials Science & Engineering
1511,B.Tech,Materials Science & Engineering
1511,B.Tech,Materials Science & Engineering
1511,B.Tech,Materials Science & Engineering
1511,B.Tech,Materials Science & Engineering
1511,B.Tech,Materials Science & Engineering
1511,B.Tech,Materials Science & Engineering
1511,B.Tech,Materials Science & Engineering
1511,B.Tech,Materials Science & Engineering
1511,B.Tech,Materials Science & Engineering
1511,B.Tech,Materials Science & Engineering
1511,B.Tech,Materials Science & Engineering
1511,B.Tech,Mechanical Engineering
1511,B.Tech,Mechanical Engineering
1511,B.Tech,Mechanical Engineering
1511,B.Tech,Mechanical Engineering
1511,B.Tech,Mechanical Engineering
1511,B.Tech,Mechanical Engineering
1511,B.Tech,Mechanical Engineering
1511,B.Tech,Mechanical Engineering
1511,B.Tech,Mechanical Engineering
1511,B.Tech,Mechanical Engineering
1511,B.Tech,Mechanical Engineering
1511,B.Tech,Mechanical Engineering
1511,B.Tech,Mechanical Engineering
1511,B.Tech,Mechanical Engineering
1511,B.Tech,Mechanical Engineering
1511,B.Tech,Mechanical Engineering
1511,B.Tech,Mechanical Engineering
1511,B.Tech,Mechanical Engineering
1511,B.Tech,Mechanical Engineering
1511,B.Tech,Mechanical Engineering
1511,B.Tech,Mechanical Engineering
1511,B.Tech,Mechanical Engineering
1511,B.Tech,Mechanical Engineering
1511,B.Tech,Mechanical Engineering
1511,B.Tech,Mechanical Engineering
1511,B.Tech,Mechanical Engineering
1511,B.Tech,Mechanical Engineering
1511,B.Tech,Mechanical Engineering
1511,B.Tech,Mechanical Engineering
1511,B.Tech,Mechanical Engineering
1511,B.Tech,Mechanical Engineering
1511,B.Tech,Mechanical Engineering
1611,B.Tech,Chemical Engineering
1611,B.Tech,Chemical Engineering
1611,B.Tech,Chemical Engineering
1611,B.Tech,Chemical Engineering
1611,B.Tech,Chemical Engineering
1611,B.Tech,Chemical Engineering
1611,B.Tech,Chemical Engineering
1611,B.Tech,Chemical Engineering
1611,B.Tech,Chemical Engineering
1611,B.Tech,Chemical Engineering
1611,B.Tech,Chemical Engineering
1611,B.Tech,Chemical Engineering
1611,B.Tech,Chemical Engineering
1611,B.Tech,Chemical Engineering
1611,B.Tech,Chemical Engineering
1611,B.Tech,Chemical Engineering
1611,B.Tech,Chemical Engineering
1611,B.Tech,Chemical Engineering
1611,B.Tech,Chemical Engineering
1611,B.Tech,Chemical Engineering
1611,B.Tech,Chemical Engineering
1611,B.Tech,Civil Engineering
1611,B.Tech,Civil Engineering
1611,B.Tech,Civil Engineering
1611,B.Tech,Civil Engineering
1611,B.Tech,Civil Engineering
1611,B.Tech,Civil Engineering
1611,B.Tech,Civil Engineering
1611,B.Tech,Civil Engineering
1611,B.Tech,Civil Engineering
1611,B.Tech,Civil Engineering
1611,B.Tech,Civil Engineering
1611,B.Tech,Civil Engineering
1611,B.Tech,Civil Engineering
1611,B.Tech,Civil Engineering
1611,B.Tech,Civil Engineering
1611,B.Tech,Civil Engineering
1611,B.Tech,Civil Engineering
1611,B.Tech,Civil Engineering
1611,B.Tech,Civil Engineering
1611,B.Tech,Civil Engineering
1611,B.Tech,Civil Engineering
1611,B.Tech,Civil Engineering
1611,B.Tech,Civil Engineering
1611,B.Tech,Civil Engineering
1611,B.Tech,Civil Engineering
1611,B.Tech,Civil Engineering
1611,B.Tech,Civil Engineering
1611,B.Tech,Civil Engineering
1611,B.Tech,Comp Science & Engg
1611,B.Tech,Comp Science & Engg
1611,B.Tech,Comp Science & Engg
1611,B.Tech,Comp Science & Engg
1611,B.Tech,Comp Science & Engg
1611,B.Tech,Comp Science & Engg
1611,B.Tech,Comp Science & Engg
1611,B.Tech,Comp Science & Engg
1611,B.Tech,Comp Science & Engg
1611,B.Tech,Comp Science & Engg
1611,B.Tech,Comp Science & Engg
1611,B.Tech,Comp Science & Engg
1611,B.Tech,Comp Science & Engg
1611,B.Tech,Comp Science & Engg
1611,B.Tech,Comp Science & Engg
1611,B.Tech,Comp Science & Engg
1611,B.Tech,Comp Science & Engg
1611,B.Tech,Comp Science & Engg
1611,B.Tech,Comp Science & Engg
1611,B.Tech,Comp Science & Engg
1611,B.Tech,Comp Science & Engg
1611,B.Tech,Comp Science & Engg
1611,B.Tech,Comp Science & Engg
1611,B.Tech,Comp Science & Engg
1611,B.Tech,Comp Science & Engg
1611,B.Tech,Comp Science & Engg
1611,B.Tech,Comp Science & Engg
1611,B.Tech,Comp Science & Engg
1611,B.Tech,Comp Science & Engg
1611,B.Tech,Comp Science & Engg
1611,B.Tech,Comp Science & Engg
1611,B.Tech,Comp Science & Engg
1611,B.Tech,Comp Science & Engg
1611,B.Tech,Comp Science & Engg
1611,B.Tech,Comp Science & Engg
1611,B.Tech,Electrical Engineering
1611,B.Tech,Electrical Engineering
1611,B.Tech,Electrical Engineering
1611,B.Tech,Electrical Engineering
1611,B.Tech,Electrical Engineering
1611,B.Tech,Electrical Engineering
1611,B.Tech,Electrical Engineering
1611,B.Tech,Electrical Engineering
1611,B.Tech,Electrical Engineering
1611,B.Tech,Electrical Engineering
1611,B.Tech,Electrical Engineering
1611,B.Tech,Electrical Engineering
1611,B.Tech,Electrical Engineering
1611,B.Tech,Electrical Engineering
1611,B.Tech,Electrical Engineering
1611,B.Tech,Electrical Engineering
1611,B.Tech,Electrical Engineering
1611,B.Tech,Electrical Engineering
1611,B.Tech,Electrical Engineering
1611,B.Tech,Electrical Engineering
1611,B.Tech,Electrical Engineering
1611,B.Tech,Electrical Engineering
1611,B.Tech,Electrical Engineering
1611,B.Tech,Electrical Engineering
1611,B.Tech,Electrical Engineering
1611,B.Tech,Electrical Engineering
1611,B.Tech,Electrical Engineering
1611,B.Tech,Electrical Engineering
1611,B.Tech,Electrical Engineering
1611,B.Tech,Electrical Engineering
1611,B.Tech,Electrical Engineering
1611,B.Tech,Electrical Engineering
1611,B.Tech,Materials Science & Engineering
1611,B.Tech,Materials Science & Engineering
1611,B.Tech,Materials Science & Engineering
1611,B.Tech,Materials Science & Engineering
1611,B.Tech,Materials Science & Engineering
1611,B.Tech,Materials Science & Engineering
1611,B.Tech,Materials Science & Engineering
1611,B.Tech,Materials Science & Engineering
1611,B.Tech,Materials Science & Engineering
1611,B.Tech,Materials Science & Engineering
1611,B.Tech,Materials Science & Engineering
1611,B.Tech,Materials Science & Engineering
1611,B.Tech,Materials Science & Engineering
1611,B.Tech,Materials Science & Engineering
1611,B.Tech,Materials Science & Engineering
1611,B.Tech,Materials Science & Engineering
1611,B.Tech,Materials Science & Engineering
1611,B.Tech,Materials Science & Engineering
1611,B.Tech,Materials Science & Engineering
1611,B.Tech,Materials Science & Engineering
1611,B.Tech,Materials Science & Engineering
1611,B.Tech,Materials Science & Engineering
1611,B.Tech,Materials Science & Engineering
1611,B.Tech,Materials Science & Engineering
1611,B.Tech,Mechanical Engineering
1611,B.Tech,Mechanical Engineering
1611,B.Tech,Mechanical Engineering
1611,B.Tech,Mechanical Engineering
1611,B.Tech,Mechanical Engineering
1611,B.Tech,Mechanical Engineering
1611,B.Tech,Mechanical Engineering
1611,B.Tech,Mechanical Engineering
1611,B.Tech,Mechanical Engineering
1611,B.Tech,Mechanical Engineering
1611,B.Tech,Mechanical Engineering
1611,B.Tech,Mechanical Engineering
1611,B.Tech,Mechanical Engineering
1611,B.Tech,Mechanical Engineering
1611,B.Tech,Mechanical Engineering
1611,B.Tech,Mechanical Engineering
1611,B.Tech,Mechanical Engineering
1611,B.Tech,Mechanical Engineering
1611,B.Tech,Mechanical Engineering
1611,B.Tech,Mechanical Engineering
1611,B.Tech,Mechanical Engineering
1611,B.Tech,Mechanical Engineering
1611,B.Tech,Mechanical Engineering
1611,B.Tech,Mechanical Engineering
1611,B.Tech,Mechanical Engineering
1611,B.Tech,Mechanical Engineering
1611,B.Tech,Mechanical Engineering
1611,B.Tech,Mechanical Engineering
1611,B.Tech,Mechanical Engineering
1611,B.Tech,Mechanical Engineering
1611,B.Tech,Mechanical Engineering
1611,B.Tech,Mechanical Engineering
1711,B.Tech,Chemical Engineering
1711,B.Tech,Chemical Engineering
1711,B.Tech,Chemical Engineering
1711,B.Tech,Chemical Engineering
1711,B.Tech,Chemical Engineering
1711,B.Tech,Chemical Engineering
1711,B.Tech,Chemical Engineering
1711,B.Tech,Chemical Engineering
1711,B.Tech,Chemical Engineering
1711,B.Tech,Chemical Engineering
1711,B.Tech,Chemical Engineering
1711,B.Tech,Chemical Engineering
1711,B.Tech,Chemical Engineering
1711,B.Tech,Chemical Engineering
1711,B.Tech,Chemical Engineering
1711,B.Tech,Chemical Engineering
1711,B.Tech,Chemical Engineering
1711,B.Tech,Chemical Engineering
1711,B.Tech,Chemical Engineering
1711,B.Tech,Chemical Engineering
1711,B.Tech,Chemical Engineering
1711,B.Tech,Chemical Engineering
1711,B.Tech,Chemical Engineering
1711,B.Tech,Chemical Engineering
1711,B.Tech,Chemical Engineering
1711,B.Tech,Chemical Engineering
1711,B.Tech,Chemical Engineering
1711,B.Tech,Chemical Engineering
1711,B.Tech,Chemical Engineering
1711,B.Tech,Civil Engineering
1711,B.Tech,Civil Engineering
1711,B.Tech,Civil Engineering
1711,B.Tech,Civil Engineering
1711,B.Tech,Civil Engineering
1711,B.Tech,Civil Engineering
1711,B.Tech,Civil Engineering
1711,B.Tech,Civil Engineering
1711,B.Tech,Civil Engineering
1711,B.Tech,Civil Engineering
1711,B.Tech,Civil Engineering
1711,B.Tech,Civil Engineering
1711,B.Tech,Civil Engineering
1711,B.Tech,Civil Engineering
1711,B.Tech,Civil Engineering
1711,B.Tech,Civil Engineering
1711,B.Tech,Civil Engineering
1711,B.Tech,Civil Engineering
1711,B.Tech,Civil Engineering
1711,B.Tech,Civil Engineering
1711,B.Tech,Civil Engineering
1711,B.Tech,Comp Science & Engg
1711,B.Tech,Comp Science & Engg
1711,B.Tech,Comp Science & Engg
1711,B.Tech,Comp Science & Engg
1711,B.Tech,Comp Science & Engg
1711,B.Tech,Comp Science & Engg
1711,B.Tech,Comp Science & Engg
1711,B.Tech,Comp Science & Engg
1711,B.Tech,Comp Science & Engg
1711,B.Tech,Comp Science & Engg
1711,B.Tech,Comp Science & Engg
1711,B.Tech,Comp Science & Engg
1711,B.Tech,Comp Science & Engg
1711,B.Tech,Comp Science & Engg
1711,B.Tech,Comp Science & Engg
1711,B.Tech,Comp Science & Engg
1711,B.Tech,Comp Science & Engg
1711,B.Tech,Comp Science & Engg
1711,B.Tech,Comp Science & Engg
1711,B.Tech,Comp Science & Engg
1711,B.Tech,Comp Science & Engg
1711,B.Tech,Comp Science & Engg
1711,B.Tech,Comp Science & Engg
1711,B.Tech,Comp Science & Engg
1711,B.Tech,Comp Science & Engg
1711,B.Tech,Comp Science & Engg
1711,B.Tech,Comp Science & Engg
1711,B.Tech,Comp Science & Engg
1711,B.Tech,Comp Science & Engg
1711,B.Tech,Comp Science & Engg
1711,B.Tech,Comp Science & Engg
1711,B.Tech,Comp Science & Engg
1711,B.Tech,Comp Science & Engg
1711,B.Tech,Electrical Engineering
1711,B.Tech,Electrical Engineering
1711,B.Tech,Electrical Engineering
1711,B.Tech,Electrical Engineering
1711,B.Tech,Electrical Engineering
1711,B.Tech,Electrical Engineering
1711,B.Tech,Electrical Engineering
1711,B.Tech,Electrical Engineering
1711,B.Tech,Electrical Engineering
1711,B.Tech,Electrical Engineering
1711,B.Tech,Electrical Engineering
1711,B.Tech,Electrical Engineering
1711,B.Tech,Electrical Engineering
1711,B.Tech,Electrical Engineering
1711,B.Tech,Electrical Engineering
1711,B.Tech,Electrical Engineering
1711,B.Tech,Electrical Engineering
1711,B.Tech,Electrical Engineering
1711,B.Tech,Electrical Engineering
1711,B.Tech,Electrical Engineering
1711,B.Tech,Electrical Engineering
1711,B.Tech,Electrical Engineering
1711,B.Tech,Electrical Engineering
1711,B.Tech,Electrical Engineering
1711,B.Tech,Electrical Engineering
1711,B.Tech,Electrical Engineering
1711,B.Tech,Electrical Engineering
1711,B.Tech,Electrical Engineering
1711,B.Tech,Electrical Engineering
1711,B.Tech,Electrical Engineering
1711,B.Tech,Electrical Engineering
1711,B.Tech,Electrical Engineering
1711,B.Tech,Electrical Engineering
1711,B.Tech,Materials Science & Engineering
1711,B.Tech,Materials Science & Engineering
1711,B.Tech,Materials Science & Engineering
1711,B.Tech,Materials Science & Engineering
1711,B.Tech,Materials Science & Engineering
1711,B.Tech,Materials Science & Engineering
1711,B.Tech,Materials Science & Engineering
1711,B.Tech,Materials Science & Engineering
1711,B.Tech,Materials Science & Engineering
1711,B.Tech,Materials Science & Engineering
1711,B.Tech,Materials Science & Engineering
1711,B.Tech,Materials Science & Engineering
1711,B.Tech,Materials Science & Engineering
1711,B.Tech,Materials Science & Engineering
1711,B.Tech,Materials Science & Engineering
1711,B.Tech,Materials Science & Engineering
1711,B.Tech,Materials Science & Engineering
1711,B.Tech,Materials Science & Engineering
1711,B.Tech,Materials Science & Engineering
1711,B.Tech,Materials Science & Engineering
1711,B.Tech,Mechanical Engineering
1711,B.Tech,Mechanical Engineering
1711,B.Tech,Mechanical Engineering
1711,B.Tech,Mechanical Engineering
1711,B.Tech,Mechanical Engineering
1711,B.Tech,Mechanical Engineering
1711,B.Tech,Mechanical Engineering
1711,B.Tech,Mechanical Engineering
1711,B.Tech,Mechanical Engineering
1711,B.Tech,Mechanical Engineering
1711,B.Tech,Mechanical Engineering
1711,B.Tech,Mechanical Engineering
1711,B.Tech,Mechanical Engineering
1711,B.Tech,Mechanical Engineering
1711,B.Tech,Mechanical Engineering
1711,B.Tech,Mechanical Engineering
1711,B.Tech,Mechanical Engineering
1711,B.Tech,Mechanical Engineering
1711,B.Tech,Mechanical Engineering
1711,B.Tech,Mechanical Engineering
1711,B.Tech,Mechanical Engineering
1711,B.Tech,Mechanical Engineering
1711,B.Tech,Mechanical Engineering
1711,B.Tech,Mechanical Engineering
1711,B.Tech,Mechanical Engineering
1711,B.Tech,Mechanical Engineering
1711,B.Tech,Mechanical Engineering
1711,B.Tech,Mechanical Engineering
1711,B.Tech,Mechanical Engineering
1711,B.Tech,Mechanical Engineering
1711,B.Tech,Mechanical Engineering
1711,B.Tech,Mechanical Engineering
1811,B.Tech,Chemical Engineering
1811,B.Tech,Chemical Engineering
1811,B.Tech,Chemical Engineering
1811,B.Tech,Chemical Engineering
1811,B.Tech,Chemical Engineering
1811,B.Tech,Chemical Engineering
1811,B.Tech,Chemical Engineering
1811,B.Tech,Chemical Engineering
1811,B.Tech,Chemical Engineering
1811,B.Tech,Chemical Engineering
1811,B.Tech,Chemical Engineering
1811,B.Tech,Chemical Engineering
1811,B.Tech,Chemical Engineering
1811,B.Tech,Chemical Engineering
1811,B.Tech,Chemical Engineering
1811,B.Tech,Chemical Engineering
1811,B.Tech,Chemical Engineering
1811,B.Tech,Chemical Engineering
1811,B.Tech,Chemical Engineering
1811,B.Tech,Chemical Engineering
1811,B.Tech,Chemical Engineering
1811,B.Tech,Chemical Engineering
1811,B.Tech,Chemical Engineering
1811,B.Tech,Chemical Engineering
1811,B.Tech,Chemical Engineering
1811,B.Tech,Chemical Engineering
1811,B.Tech,Chemical Engineering
1811,B.Tech,Chemical Engineering
1811,B.Tech,Chemical Engineering
1811,B.Tech,Chemical Engineering
1811,B.Tech,Chemical Engineering
1811,B.Tech,Chemical Engineering
1811,B.Tech,Civil Engineering
1811,B.Tech,Civil Engineering
1811,B.Tech,Civil Engineering
1811,B.Tech,Civil Engineering
1811,B.Tech,Civil Engineering
1811,B.Tech,Civil Engineering
1811,B.Tech,Civil Engineering
1811,B.Tech,Civil Engineering
1811,B.Tech,Civil Engineering
1811,B.Tech,Civil Engineering
1811,B.Tech,Civil Engineering
1811,B.Tech,Civil Engineering
1811,B.Tech,Civil Engineering
1811,B.Tech,Civil Engineering
1811,B.Tech,Civil Engineering
1811,B.Tech,Civil Engineering
1811,B.Tech,Civil Engineering
1811,B.Tech,Civil Engineering
1811,B.Tech,Civil Engineering
1811,B.Tech,Civil Engineering
1811,B.Tech,Civil Engineering
1811,B.Tech,Civil Engineering
1811,B.Tech,Civil Engineering
1811,B.Tech,Civil Engineering
1811,B.Tech,Civil Engineering
1811,B.Tech,Civil Engineering
1811,B.Tech,Civil Engineering
1811,B.Tech,Civil Engineering
1811,B.Tech,Civil Engineering
1811,B.Tech,Comp Science & Engg
1811,B.Tech,Comp Science & Engg
1811,B.Tech,Comp Science & Engg
1811,B.Tech,Comp Science & Engg
1811,B.Tech,Comp Science & Engg
1811,B.Tech,Comp Science & Engg
1811,B.Tech,Comp Science & Engg
1811,B.Tech,Comp Science & Engg
1811,B.Tech,Comp Science & Engg
1811,B.Tech,Comp Science & Engg
1811,B.Tech,Comp Science & Engg
1811,B.Tech,Comp Science & Engg
1811,B.Tech,Comp Science & Engg
1811,B.Tech,Comp Science & Engg
1811,B.Tech,Comp Science & Engg
1811,B.Tech,Comp Science & Engg
1811,B.Tech,Comp Science & Engg
1811,B.Tech,Comp Science & Engg
1811,B.Tech,Comp Science & Engg
1811,B.Tech,Comp Science & Engg
1811,B.Tech,Comp Science & Engg
1811,B.Tech,Comp Science & Engg
1811,B.Tech,Comp Science & Engg
1811,B.Tech,Comp Science & Engg
1811,B.Tech,Comp Science & Engg
1811,B.Tech,Comp Science & Engg
1811,B.Tech,Comp Science & Engg
1811,B.Tech,Comp Science & Engg
1811,B.Tech,Comp Science & Engg
1811,B.Tech,Comp Science & Engg
1811,B.Tech,Comp Science & Engg
1811,B.Tech,Comp Science & Engg
1811,B.Tech,Electrical Engineering
1811,B.Tech,Electrical Engineering
1811,B.Tech,Electrical Engineering
1811,B.Tech,Electrical Engineering
1811,B.Tech,Electrical Engineering
1811,B.Tech,Electrical Engineering
1811,B.Tech,Electrical Engineering
1811,B.Tech,Electrical Engineering
1811,B.Tech,Electrical Engineering
1811,B.Tech,Electrical Engineering
1811,B.Tech,Electrical Engineering
1811,B.Tech,Electrical Engineering
1811,B.Tech,Electrical Engineering
1811,B.Tech,Electrical Engineering
1811,B.Tech,Electrical Engineering
1811,B.Tech,Electrical Engineering
1811,B.Tech,Electrical Engineering
1811,B.Tech,Electrical Engineering
1811,B.Tech,Electrical Engineering
1811,B.Tech,Electrical Engineering
1811,B.Tech,Electrical Engineering
1811,B.Tech,Electrical Engineering
1811,B.Tech,Electrical Engineering
1811,B.Tech,Electrical Engineering
1811,B.Tech,Electrical Engineering
1811,B.Tech,Electrical Engineering
1811,B.Tech,Electrical Engineering
1811,B.Tech,Electrical Engineering
1811,B.Tech,Electrical Engineering
1811,B.Tech,Electrical Engineering
1811,B.Tech,Electrical Engineering
1811,B.Tech,Electrical Engineering
1811,B.Tech,Materials Science & Engineering
1811,B.Tech,Materials Science & Engineering
1811,B.Tech,Materials Science & Engineering
1811,B.Tech,Materials Science & Engineering
1811,B.Tech,Materials Science & Engineering
1811,B.Tech,Materials Science & Engineering
1811,B.Tech,Materials Science & Engineering
1811,B.Tech,Materials Science & Engineering
1811,B.Tech,Materials Science & Engineering
1811,B.Tech,Materials Science & Engineering
1811,B.Tech,Materials Science & Engineering
1811,B.Tech,Materials Science & Engineering
1811,B.Tech,Materials Science & Engineering
1811,B.Tech,Materials Science & Engineering
1811,B.Tech,Materials Science & Engineering
1811,B.Tech,Materials Science & Engineering
1811,B.Tech,Materials Science & Engineering
1811,B.Tech,Materials Science & Engineering
1811,B.Tech,Materials Science & Engineering
1811,B.Tech,Materials Science & Engineering
1811,B.Tech,Materials Science & Engineering
1811,B.Tech,Materials Science & Engineering
1811,B.Tech,Materials Science & Engineering
1811,B.Tech,Materials Science & Engineering
1811,B.Tech,Materials Science & Engineering
1811,B.Tech,Materials Science & Engineering
1811,B.Tech,Materials Science & Engineering
1811,B.Tech,Materials Science & Engineering
1811,B.Tech,Mechanical Engineering
1811,B.Tech,Mechanical Engineering
1811,B.Tech,Mechanical Engineering
1811,B.Tech,Mechanical Engineering
1811,B.Tech,Mechanical Engineering
1811,B.Tech,Mechanical Engineering
1811,B.Tech,Mechanical Engineering
1811,B.Tech,Mechanical Engineering
1811,B.Tech,Mechanical Engineering
1811,B.Tech,Mechanical Engineering
1811,B.Tech,Mechanical Engineering
1811,B.Tech,Mechanical Engineering
1811,B.Tech,Mechanical Engineering
1811,B.Tech,Mechanical Engineering
1811,B.Tech,Mechanical Engineering
1811,B.Tech,Mechanical Engineering
1811,B.Tech,Mechanical Engineering
1811,B.Tech,Mechanical Engineering
1811,B.Tech,Mechanical Engineering
1811,B.Tech,Mechanical Engineering
1811,B.Tech,Mechanical Engineering
1811,B.Tech,Mechanical Engineering
1811,B.Tech,Mechanical Engineering
1811,B.Tech,Mechanical Engineering
1811,B.Tech,Mechanical Engineering
1811,B.Tech,Mechanical Engineering
1811,B.Tech,Mechanical Engineering
1811,B.Tech,Mechanical Engineering
1811,B.Tech,Mechanical Engineering
1811,B.Tech,Mechanical Engineering
1811,B.Tech,Mechanical Engineering
1811,B.Tech,Mechanical Engineering
1811,B.Tech,Mechanical Engineering
1411,B.Tech-M.Sc Dual Degree,Mathematics
1411,B.Tech-M.Tech Dual Degree,Civil Engineering
1411,B.Tech-M.Tech Dual Degree,Comp Science & Engg
1411,B.Tech-M.Tech Dual Degree,Comp Science & Engg
1611,Dual Major in B.Tech,Chemical Engineering
1652,M.A,Humanities and Social Science
1752,M.A,Humanities and Social Science
1752,M.A,Humanities and Social Science
1752,M.A,Humanities and Social Science
1752,M.A,Humanities and Social Science
1752,M.A,Humanities and Social Science
1752,M.A,Humanities and Social Science
1752,M.A,Humanities and Social Science
1752,M.A,Humanities and Social Science
1752,M.A,Humanities and Social Science
1752,M.A,Humanities and Social Science
1752,M.A,Humanities and Social Science
1752,M.A,Humanities and Social Science
1752,M.A,Humanities and Social Science
1752,M.A,Humanities and Social Science
1752,M.A,Humanities and Social Science
1752,M.A,Humanities and Social Science
1752,M.A,Humanities and Social Science
1752,M.A,Humanities and Social Science
1752,M.A,Humanities and Social Science
1752,M.A,Humanities and Social Science
1752,M.A,Humanities and Social Science
1852,M.A,Humanities and Social Science
1852,M.A,Humanities and Social Science
1852,M.A,Humanities and Social Science
1852,M.A,Humanities and Social Science
1852,M.A,Humanities and Social Science
1852,M.A,Humanities and Social Science
1852,M.A,Humanities and Social Science
1852,M.A,Humanities and Social Science
1852,M.A,Humanities and Social Science
1852,M.A,Humanities and Social Science
1852,M.A,Humanities and Social Science
1852,M.A,Humanities and Social Science
1852,M.A,Humanities and Social Science
1852,M.A,Humanities and Social Science
1852,M.A,Humanities and Social Science
1852,M.A,Humanities and Social Science
1852,M.A,Humanities and Social Science
1852,M.A,Humanities and Social Science
1852,M.A,Humanities and Social Science
1852,M.A,Humanities and Social Science
1852,M.A,Humanities and Social Science
1852,M.A,Humanities and Social Science
1651,M.Sc,Mathematics
1751,M.Sc,Chemistry
1751,M.Sc,Chemistry
1751,M.Sc,Chemistry
1751,M.Sc,Chemistry
1751,M.Sc,Chemistry
1751,M.Sc,Chemistry
1751,M.Sc,Chemistry
1751,M.Sc,Chemistry
1751,M.Sc,Chemistry
1751,M.Sc,Chemistry
1751,M.Sc,Chemistry
1751,M.Sc,Chemistry
1751,M.Sc,Chemistry
1751,M.Sc,Chemistry
1751,M.Sc,Chemistry
1751,M.Sc,Cognitive Sciences
1751,M.Sc,Cognitive Sciences
1751,M.Sc,Cognitive Sciences
1751,M.Sc,Cognitive Sciences
1751,M.Sc,Cognitive Sciences
1751,M.Sc,Cognitive Sciences
1751,M.Sc,Cognitive Sciences
1751,M.Sc,Cognitive Sciences
1751,M.Sc,Cognitive Sciences
1751,M.Sc,Cognitive Sciences
1751,M.Sc,Cognitive Sciences
1751,M.Sc,Cognitive Sciences
1751,M.Sc,Cognitive Sciences
1751,M.Sc,Cognitive Sciences
1751,M.Sc,Cognitive Sciences
1751,M.Sc,Cognitive Sciences
1751,M.Sc,Mathematics
1751,M.Sc,Mathematics
1751,M.Sc,Mathematics
1751,M.Sc,Mathematics
1751,M.Sc,Mathematics
1751,M.Sc,Mathematics
1751,M.Sc,Mathematics
1751,M.Sc,Mathematics
1751,M.Sc,Mathematics
1751,M.Sc,Mathematics
1751,M.Sc,Mathematics
1751,M.Sc,Mathematics
1751,M.Sc,Mathematics
1751,M.Sc,Mathematics
1751,M.Sc,Mathematics
1751,M.Sc,Mathematics
1751,M.Sc,Mathematics
1751,M.Sc,Mathematics
1751,M.Sc,Mathematics
1751,M.Sc,Mathematics
1751,M.Sc,Mathematics
1751,M.Sc,Mathematics
1751,M.Sc,Mathematics
1751,M.Sc,Mathematics
1751,M.Sc,Mathematics
1751,M.Sc,Mathematics
1751,M.Sc,Mathematics
1751,M.Sc,Physics
1751,M.Sc,Physics
1751,M.Sc,Physics
1751,M.Sc,Physics
1751,M.Sc,Physics
1751,M.Sc,Physics
1751,M.Sc,Physics
1751,M.Sc,Physics
1751,M.Sc,Physics
1751,M.Sc,Physics
1751,M.Sc,Physics
1751,M.Sc,Physics
1751,M.Sc,Physics
1751,M.Sc,Physics
1751,M.Sc,Physics
1751,M.Sc,Physics
1751,M.Sc,Physics
1751,M.Sc,Physics
1751,M.Sc,Physics
1751,M.Sc,Physics
1751,M.Sc,Physics
1751,M.Sc,Physics
1751,M.Sc,Physics
1751,M.Sc,Physics
1851,M.Sc,Chemistry
1851,M.Sc,Chemistry
1851,M.Sc,Chemistry
1851,M.Sc,Chemistry
1851,M.Sc,Chemistry
1851,M.Sc,Chemistry
1851,M.Sc,Chemistry
1851,M.Sc,Chemistry
1851,M.Sc,Chemistry
1851,M.Sc,Chemistry
1851,M.Sc,Chemistry
1851,M.Sc,Chemistry
1851,M.Sc,Chemistry
1851,M.Sc,Chemistry
1851,M.Sc,Chemistry
1851,M.Sc,Chemistry
1851,M.Sc,Chemistry
1851,M.Sc,Chemistry
1851,M.Sc,Chemistry
1851,M.Sc,Cognitive Sciences
1851,M.Sc,Cognitive Sciences
1851,M.Sc,Cognitive Sciences
1851,M.Sc,Cognitive Sciences
1851,M.Sc,Cognitive Sciences
1851,M.Sc,Cognitive Sciences
1851,M.Sc,Cognitive Sciences
1851,M.Sc,Cognitive Sciences
1851,M.Sc,Cognitive Sciences
1851,M.Sc,Cognitive Sciences
1851,M.Sc,Cognitive Sciences
1851,M.Sc,Cognitive Sciences
1851,M.Sc,Cognitive Sciences
1851,M.Sc,Mathematics
1851,M.Sc,Mathematics
1851,M.Sc,Mathematics
1851,M.Sc,Mathematics
1851,M.Sc,Mathematics
1851,M.Sc,Mathematics
1851,M.Sc,Mathematics
1851,M.Sc,Mathematics
1851,M.Sc,Mathematics
1851,M.Sc,Mathematics
1851,M.Sc,Mathematics
1851,M.Sc,Mathematics
1851,M.Sc,Mathematics
1851,M.Sc,Mathematics
1851,M.Sc,Mathematics
1851,M.Sc,Mathematics
1851,M.Sc,Mathematics
1851,M.Sc,Mathematics
1851,M.Sc,Mathematics
1851,M.Sc,Mathematics
1851,M.Sc,Mathematics
1851,M.Sc,Mathematics
1851,M.Sc,Mathematics
1851,M.Sc,Mathematics
1851,M.Sc,Mathematics
1851,M.Sc,Physics
1851,M.Sc,Physics
1851,M.Sc,Physics
1851,M.Sc,Physics
1851,M.Sc,Physics
1851,M.Sc,Physics
1851,M.Sc,Physics
1851,M.Sc,Physics
1851,M.Sc,Physics
1851,M.Sc,Physics
1851,M.Sc,Physics
1851,M.Sc,Physics
1851,M.Sc,Physics
1851,M.Sc,Physics
1851,M.Sc,Physics
1851,M.Sc,Physics
1851,M.Sc,Physics
1851,M.Sc,Physics
1851,M.Sc,Physics
1851,M.Sc,Physics
1851,M.Sc,Physics
1851,M.Sc,Physics
1851,M.Sc,Physics
1851,M.Sc,Physics
1851,M.Sc,Physics
1851,M.Sc,Physics
1411,M.Tech,Electrical Engineering
1621,M.Tech,Electrical Engineering
1651,M.Tech,Earth System Science
1721,M.Tech,Biological Engineering
1721,M.Tech,Biological Engineering
1721,M.Tech,Biological Engineering
1721,M.Tech,Biological Engineering
1721,M.Tech,Biological Engineering
1721,M.Tech,Biological Engineering
1721,M.Tech,Biological Engineering
1721,M.Tech,Biological Engineering
1721,M.Tech,Biological Engineering
1721,M.Tech,Biological Engineering
1721,M.Tech,Biological Engineering
1721,M.Tech,Biological Engineering
1721,M.Tech,Chemical Engineering
1721,M.Tech,Chemical Engineering
1721,M.Tech,Chemical Engineering
1721,M.Tech,Chemical Engineering
1721,M.Tech,Chemical Engineering
1721,M.Tech,Chemical Engineering
1721,M.Tech,Chemical Engineering
1721,M.Tech,Chemical Engineering
1721,M.Tech,Chemical Engineering
1721,M.Tech,Chemical Engineering
1721,M.Tech,Chemical Engineering
1721,M.Tech,Chemical Engineering
1721,M.Tech,Chemical Engineering
1721,M.Tech,Civil Engineering
1721,M.Tech,Civil Engineering
1721,M.Tech,Civil Engineering
1721,M.Tech,Civil Engineering
1721,M.Tech,Civil Engineering
1721,M.Tech,Civil Engineering
1721,M.Tech,Civil Engineering
1721,M.Tech,Civil Engineering
1721,M.Tech,Civil Engineering
1721,M.Tech,Civil Engineering
1721,M.Tech,Civil Engineering
1721,M.Tech,Civil Engineering
1721,M.Tech,Civil Engineering
1721,M.Tech,Civil Engineering
1721,M.Tech,Comp Science & Engg
1721,M.Tech,Comp Science & Engg
1721,M.Tech,Comp Science & Engg
1721,M.Tech,Comp Science & Engg
1721,M.Tech,Comp Science & Engg
1721,M.Tech,Comp Science & Engg
1721,M.Tech,Comp Science & Engg
1721,M.Tech,Comp Science & Engg
1721,M.Tech,Comp Science & Engg
1721,M.Tech,Electrical Engineering
1721,M.Tech,Electrical Engineering
1721,M.Tech,Electrical Engineering
1721,M.Tech,Electrical Engineering
1721,M.Tech,Electrical Engineering
1721,M.Tech,Electrical Engineering
1721,M.Tech,Electrical Engineering
1721,M.Tech,Electrical Engineering
1721,M.Tech,Electrical Engineering
1721,M.Tech,Electrical Engineering
1721,M.Tech,Electrical Engineering
1721,M.Tech,Electrical Engineering
1721,M.Tech,Electrical Engineering
1721,M.Tech,Electrical Engineering
1721,M.Tech,Materials Science & Engineering
1721,M.Tech,Materials Science & Engineering
1721,M.Tech,Materials Science & Engineering
1721,M.Tech,Materials Science & Engineering
1721,M.Tech,Materials Science & Engineering
1721,M.Tech,Materials Science & Engineering
1721,M.Tech,Materials Science & Engineering
1721,M.Tech,Materials Science & Engineering
1721,M.Tech,Materials Science & Engineering
1721,M.Tech,Materials Science & Engineering
1721,M.Tech,Mechanical Engineering
1721,M.Tech,Mechanical Engineering
1721,M.Tech,Mechanical Engineering
1721,M.Tech,Mechanical Engineering
1721,M.Tech,Mechanical Engineering
1721,M.Tech,Mechanical Engineering
1721,M.Tech,Mechanical Engineering
1721,M.Tech,Mechanical Engineering
1721,M.Tech,Mechanical Engineering
1721,M.Tech,Mechanical Engineering
1721,M.Tech,Mechanical Engineering
1721,M.Tech,Mechanical Engineering
1721,M.Tech,Mechanical Engineering
1721,M.Tech,Mechanical Engineering
1721,M.Tech,Mechanical Engineering
1721,M.Tech,Mechanical Engineering
1725,M.Tech,Biological Engineering
1725,M.Tech,Chemical Engineering
1725,M.Tech,Civil Engineering
1725,M.Tech,Civil Engineering
1725,M.Tech,Civil Engineering
1725,M.Tech,Civil Engineering
1725,M.Tech,Civil Engineering
1725,M.Tech,Electrical Engineering
1725,M.Tech,Electrical Engineering
1725,M.Tech,Electrical Engineering
1725,M.Tech,Materials Science & Engineering
1725,M.Tech,Materials Science & Engineering
1725,M.Tech,Materials Science & Engineering
1725,M.Tech,Mechanical Engineering
1725,M.Tech,Mechanical Engineering
1725,M.Tech,Mechanical Engineering
1725,M.Tech,Mechanical Engineering
1725,M.Tech,Mechanical Engineering
1725,M.Tech,Mechanical Engineering
1725,M.Tech,Mechanical Engineering
1725,M.Tech,Mechanical Engineering
1725,M.Tech,Mechanical Engineering
1735,M.Tech,Electrical Engineering
1821,M.Tech,Biological Engineering
1821,M.Tech,Biological Engineering
1821,M.Tech,Biological Engineering
1821,M.Tech,Biological Engineering
1821,M.Tech,Biological Engineering
1821,M.Tech,Biological Engineering
1821,M.Tech,Biological Engineering
1821,M.Tech,Biological Engineering
1821,M.Tech,Biological Engineering
1821,M.Tech,Biological Engineering
1821,M.Tech,Biological Engineering
1821,M.Tech,Chemical Engineering
1821,M.Tech,Chemical Engineering
1821,M.Tech,Chemical Engineering
1821,M.Tech,Chemical Engineering
1821,M.Tech,Chemical Engineering
1821,M.Tech,Chemical Engineering
1821,M.Tech,Chemical Engineering
1821,M.Tech,Chemical Engineering
1821,M.Tech,Chemical Engineering
1821,M.Tech,Chemical Engineering
1821,M.Tech,Civil Engineering
1821,M.Tech,Civil Engineering
1821,M.Tech,Civil Engineering
1821,M.Tech,Civil Engineering
1821,M.Tech,Civil Engineering
1821,M.Tech,Civil Engineering
1821,M.Tech,Civil Engineering
1821,M.Tech,Civil Engineering
1821,M.Tech,Civil Engineering
1821,M.Tech,Civil Engineering
1821,M.Tech,Civil Engineering
1821,M.Tech,Civil Engineering
1821,M.Tech,Civil Engineering
1821,M.Tech,Civil Engineering
1821,M.Tech,Civil Engineering
1821,M.Tech,Civil Engineering
1821,M.Tech,Civil Engineering
1821,M.Tech,Civil Engineering
1821,M.Tech,Civil Engineering
1821,M.Tech,Civil Engineering
1821,M.Tech,Comp Science & Engg
1821,M.Tech,Comp Science & Engg
1821,M.Tech,Comp Science & Engg
1821,M.Tech,Comp Science & Engg
1821,M.Tech,Comp Science & Engg
1821,M.Tech,Comp Science & Engg
1821,M.Tech,Comp Science & Engg
1821,M.Tech,Comp Science & Engg
1821,M.Tech,Comp Science & Engg
1821,M.Tech,Earth System Science
1821,M.Tech,Earth System Science
1821,M.Tech,Electrical Engineering
1821,M.Tech,Electrical Engineering
1821,M.Tech,Electrical Engineering
1821,M.Tech,Electrical Engineering
1821,M.Tech,Electrical Engineering
1821,M.Tech,Electrical Engineering
1821,M.Tech,Electrical Engineering
1821,M.Tech,Electrical Engineering
1821,M.Tech,Electrical Engineering
1821,M.Tech,Electrical Engineering
1821,M.Tech,Electrical Engineering
1821,M.Tech,Electrical Engineering
1821,M.Tech,Electrical Engineering
1821,M.Tech,Electrical Engineering
1821,M.Tech,Electrical Engineering
1821,M.Tech,Electrical Engineering
1821,M.Tech,Electrical Engineering
1821,M.Tech,Materials Science & Engineering
1821,M.Tech,Materials Science & Engineering
1821,M.Tech,Materials Science & Engineering
1821,M.Tech,Materials Science & Engineering
1821,M.Tech,Materials Science & Engineering
1821,M.Tech,Materials Science & Engineering
1821,M.Tech,Materials Science & Engineering
1821,M.Tech,Materials Science & Engineering
1821,M.Tech,Materials Science & Engineering
1821,M.Tech,Materials Science & Engineering
1821,M.Tech,Materials Science & Engineering
1821,M.Tech,Mechanical Engineering
1821,M.Tech,Mechanical Engineering
1821,M.Tech,Mechanical Engineering
1821,M.Tech,Mechanical Engineering
1821,M.Tech,Mechanical Engineering
1821,M.Tech,Mechanical Engineering
1821,M.Tech,Mechanical Engineering
1821,M.Tech,Mechanical Engineering
1821,M.Tech,Mechanical Engineering
1821,M.Tech,Mechanical Engineering
1821,M.Tech,Mechanical Engineering
1821,M.Tech,Mechanical Engineering
1821,M.Tech,Mechanical Engineering
1821,M.Tech,Mechanical Engineering
1821,M.Tech,Mechanical Engineering
1825,M.Tech,Biological Engineering
1825,M.Tech,Chemical Engineering
1825,M.Tech,Chemical Engineering
1825,M.Tech,Chemical Engineering
1825,M.Tech,Civil Engineering
1825,M.Tech,Civil Engineering
1825,M.Tech,Civil Engineering
1825,M.Tech,Civil Engineering
1825,M.Tech,Civil Engineering
1825,M.Tech,Civil Engineering
1825,M.Tech,Civil Engineering
1825,M.Tech,Civil Engineering
1825,M.Tech,Comp Science & Engg
1825,M.Tech,Comp Science & Engg
1825,M.Tech,Comp Science & Engg
1825,M.Tech,Electrical Engineering
1825,M.Tech,Electrical Engineering
1825,M.Tech,Electrical Engineering
1825,M.Tech,Electrical Engineering
1825,M.Tech,Electrical Engineering
1825,M.Tech,Electrical Engineering
1825,M.Tech,Electrical Engineering
1825,M.Tech,Electrical Engineering
1825,M.Tech,Electrical Engineering
1825,M.Tech,Electrical Engineering
1825,M.Tech,Materials Science & Engineering
1825,M.Tech,Materials Science & Engineering
1825,M.Tech,Mechanical Engineering
1825,M.Tech,Mechanical Engineering
1825,M.Tech,Mechanical Engineering
1825,M.Tech,Mechanical Engineering
1721,PGDIIT,Materials Science & Engineering
1821,PGDIIT,Chemical Engineering
1821,PGDIIT,Electrical Engineering
1841,PGDIIT,Materials Science & Engineering
1000,Ph.D,Electrical Engineering
1010,Ph.D,Cognitive Sciences
1111,Ph.D,Electrical Engineering
1132,Ph.D,Chemical Engineering
1231,Ph.D,Chemistry
1231,Ph.D,Electrical Engineering
1231,Ph.D,Humanities and Social Science
1231,Ph.D,Materials Science & Engineering
1231,Ph.D,Mechanical Engineering
1232,Ph.D,Chemical Engineering
1321,Ph.D,Chemical Engineering
1321,Ph.D,Chemical Engineering
1321,Ph.D,Electrical Engineering
1321,Ph.D,Electrical Engineering
1321,Ph.D,Electrical Engineering
1331,Ph.D,Biological Engineering
1331,Ph.D,Biological Engineering
1331,Ph.D,Biological Engineering
1331,Ph.D,Biological Engineering
1331,Ph.D,Biological Engineering
1331,Ph.D,Chemical Engineering
1331,Ph.D,Chemical Engineering
1331,Ph.D,Chemical Engineering
1331,Ph.D,Chemistry
1331,Ph.D,Chemistry
1331,Ph.D,Chemistry
1331,Ph.D,Chemistry
1331,Ph.D,Civil Engineering
1331,Ph.D,Civil Engineering
1331,Ph.D,Electrical Engineering
1331,Ph.D,Electrical Engineering
1331,Ph.D,Electrical Engineering
1331,Ph.D,Electrical Engineering
1331,Ph.D,Electrical Engineering
1331,Ph.D,Humanities and Social Science
1331,Ph.D,Humanities and Social Science
1331,Ph.D,Materials Science & Engineering
1331,Ph.D,Materials Science & Engineering
1331,Ph.D,Materials Science & Engineering
1331,Ph.D,Mechanical Engineering
1331,Ph.D,Mechanical Engineering
1332,Ph.D,Materials Science & Engineering
1335,Ph.D,Civil Engineering
1335,Ph.D,Civil Engineering
1335,Ph.D,Civil Engineering
1335,Ph.D,Materials Science & Engineering
1351,Ph.D,Chemistry
1351,Ph.D,Chemistry
1351,Ph.D,Cognitive Sciences
1351,Ph.D,Cognitive Sciences
1351,Ph.D,Mathematics
1351,Ph.D,Mathematics
1421,Ph.D,Chemical Engineering
1421,Ph.D,Chemical Engineering
1421,Ph.D,Chemical Engineering
1421,Ph.D,Civil Engineering
1421,Ph.D,Materials Science & Engineering
1431,Ph.D,Biological Engineering
1431,Ph.D,Biological Engineering
1431,Ph.D,Biological Engineering
1431,Ph.D,Biological Engineering
1431,Ph.D,Chemical Engineering
1431,Ph.D,Chemical Engineering
1431,Ph.D,Chemical Engineering
1431,Ph.D,Chemistry
1431,Ph.D,Chemistry
1431,Ph.D,Chemistry
1431,Ph.D,Chemistry
1431,Ph.D,Chemistry
1431,Ph.D,Chemistry
1431,Ph.D,Chemistry
1431,Ph.D,Chemistry
1431,Ph.D,Civil Engineering
1431,Ph.D,Cognitive Sciences
1431,Ph.D,Cognitive Sciences
1431,Ph.D,Cognitive Sciences
1431,Ph.D,Cognitive Sciences
1431,Ph.D,Cognitive Sciences
1431,Ph.D,Comp Science & Engg
1431,Ph.D,Comp Science & Engg
1431,Ph.D,Earth Sciences
1431,Ph.D,Earth Sciences
1431,Ph.D,Electrical Engineering
1431,Ph.D,Electrical Engineering
1431,Ph.D,Electrical Engineering
1431,Ph.D,Electrical Engineering
1431,Ph.D,Electrical Engineering
1431,Ph.D,Humanities and Social Science
1431,Ph.D,Humanities and Social Science
1431,Ph.D,Humanities and Social Science
1431,Ph.D,Mathematics
1431,Ph.D,Mechanical Engineering
1431,Ph.D,Mechanical Engineering
1431,Ph.D,Physics
1431,Ph.D,Physics
1431,Ph.D,Physics
1434,Ph.D,Mechanical Engineering
1435,Ph.D,Civil Engineering
1435,Ph.D,Civil Engineering
1435,Ph.D,Comp Science & Engg
1435,Ph.D,Electrical Engineering
1435,Ph.D,Electrical Engineering
1435,Ph.D,Materials Science & Engineering
1435,Ph.D,Materials Science & Engineering
1451,Ph.D,Cognitive Sciences
1451,Ph.D,Cognitive Sciences
1451,Ph.D,Physics
1521,Ph.D,Civil Engineering
1521,Ph.D,Materials Science & Engineering
1521,Ph.D,Materials Science & Engineering
1521,Ph.D,Mechanical Engineering
1531,Ph.D,Biological Engineering
1531,Ph.D,Biological Engineering
1531,Ph.D,Biological Engineering
1531,Ph.D,Biological Engineering
1531,Ph.D,Biological Engineering
1531,Ph.D,Chemical Engineering
1531,Ph.D,Chemical Engineering
1531,Ph.D,Chemical Engineering
1531,Ph.D,Chemistry
1531,Ph.D,Chemistry
1531,Ph.D,Chemistry
1531,Ph.D,Chemistry
1531,Ph.D,Chemistry
1531,Ph.D,Chemistry
1531,Ph.D,Chemistry
1531,Ph.D,Civil Engineering
1531,Ph.D,Civil Engineering
1531,Ph.D,Civil Engineering
1531,Ph.D,Civil Engineering
1531,Ph.D,Civil Engineering
1531,Ph.D,Cognitive Sciences
1531,Ph.D,Cognitive Sciences
1531,Ph.D,Comp Science & Engg
1531,Ph.D,Comp Science & Engg
1531,Ph.D,Comp Science & Engg
1531,Ph.D,Electrical Engineering
1531,Ph.D,Electrical Engineering
1531,Ph.D,Electrical Engineering
1531,Ph.D,Electrical Engineering
1531,Ph.D,Electrical Engineering
1531,Ph.D,Materials Science & Engineering
1531,Ph.D,Mathematics
1531,Ph.D,Mathematics
1531,Ph.D,Mechanical Engineering
1531,Ph.D,Mechanical Engineering
1531,Ph.D,Physics
1531,Ph.D,Physics
1535,Ph.D,Civil Engineering
1535,Ph.D,Comp Science & Engg
1535,Ph.D,Electrical Engineering
1535,Ph.D,Electrical Engineering
1535,Ph.D,Electrical Engineering
1535,Ph.D,Mechanical Engineering
1551,Ph.D,Cognitive Sciences
1551,Ph.D,Cognitive Sciences
1621,Ph.D,Biological Engineering
1621,Ph.D,Materials Science & Engineering
1621,Ph.D,Materials Science & Engineering
1621,Ph.D,Materials Science & Engineering
1621,Ph.D,Materials Science & Engineering
1631,Ph.D,Biological Engineering
1631,Ph.D,Biological Engineering
1631,Ph.D,Biological Engineering
1631,Ph.D,Biological Engineering
1631,Ph.D,Biological Engineering
1631,Ph.D,Chemical Engineering
1631,Ph.D,Chemical Engineering
1631,Ph.D,Chemistry
1631,Ph.D,Chemistry
1631,Ph.D,Earth Sciences
1631,Ph.D,Earth Sciences
1631,Ph.D,Electrical Engineering
1631,Ph.D,Electrical Engineering
1631,Ph.D,Electrical Engineering
1631,Ph.D,Humanities and Social Science
1631,Ph.D,Humanities and Social Science
1631,Ph.D,Humanities and Social Science
1631,Ph.D,Humanities and Social Science
1631,Ph.D,Humanities and Social Science
1631,Ph.D,Humanities and Social Science
1631,Ph.D,Materials Science & Engineering
1631,Ph.D,Mathematics
1631,Ph.D,Mathematics
1631,Ph.D,Physics
1631,Ph.D,Physics
1631,Ph.D,Physics
1635,Ph.D,Civil Engineering
1635,Ph.D,Civil Engineering
1651,Ph.D,Mathematics
1651,Ph.D,Physics
1731,Ph.D,Biological Engineering
1731,Ph.D,Biological Engineering
1731,Ph.D,Biological Engineering
1731,Ph.D,Biological Engineering
1731,Ph.D,Chemical Engineering
1731,Ph.D,Chemical Engineering
1731,Ph.D,Chemical Engineering
1731,Ph.D,Chemistry
1731,Ph.D,Chemistry
1731,Ph.D,Chemistry
1731,Ph.D,Civil Engineering
1731,Ph.D,Comp Science & Engg
1731,Ph.D,Comp Science & Engg
1731,Ph.D,Electrical Engineering
1731,Ph.D,Electrical Engineering
1731,Ph.D,Humanities and Social Science
1731,Ph.D,Materials Science & Engineering
1731,Ph.D,Mathematics
1731,Ph.D,Mathematics
1731,Ph.D,Mechanical Engineering
1731,Ph.D,Mechanical Engineering
1735,Ph.D,Electrical Engineering
1735,Ph.D,Mechanical Engineering
1831,Ph.D,Biological Engineering
1831,Ph.D,Biological Engineering
1831,Ph.D,Biological Engineering
1831,Ph.D,Chemical Engineering
1831,Ph.D,Chemical Engineering
1831,Ph.D,Chemical Engineering
1831,Ph.D,Chemical Engineering
1831,Ph.D,Chemical Engineering
1831,Ph.D,Chemistry
1831,Ph.D,Chemistry
1831,Ph.D,Chemistry
1831,Ph.D,Chemistry
1831,Ph.D,Chemistry
1831,Ph.D,Chemistry
1831,Ph.D,Civil Engineering
1831,Ph.D,Civil Engineering
1831,Ph.D,Civil Engineering
1831,Ph.D,Civil Engineering
1831,Ph.D,Civil Engineering
1831,Ph.D,Civil Engineering
1831,Ph.D,Civil Engineering
1831,Ph.D,Civil Engineering
1831,Ph.D,Civil Engineering
1831,Ph.D,Earth Sciences
1831,Ph.D,Electrical Engineering
1831,Ph.D,Electrical Engineering
1831,Ph.D,Electrical Engineering
1831,Ph.D,Electrical Engineering
1831,Ph.D,Electrical Engineering
1831,Ph.D,Electrical Engineering
1831,Ph.D,Electrical Engineering
1831,Ph.D,Humanities and Social Science
1831,Ph.D,Humanities and Social Science
1831,Ph.D,Humanities and Social Science
1831,Ph.D,Humanities and Social Science
1831,Ph.D,Humanities and Social Science
1831,Ph.D,Humanities and Social Science
1831,Ph.D,Humanities and Social Science
1831,Ph.D,Humanities and Social Science
1831,Ph.D,Humanities and Social Science
1831,Ph.D,Humanities and Social Science
1831,Ph.D,Materials Science & Engineering
1831,Ph.D,Materials Science & Engineering
1831,Ph.D,Materials Science & Engineering
1831,Ph.D,Materials Science & Engineering
1831,Ph.D,Materials Science & Engineering
1831,Ph.D,Materials Science & Engineering
1831,Ph.D,Materials Science & Engineering
1831,Ph.D,Materials Science & Engineering
1831,Ph.D,Mathematics
1831,Ph.D,Mathematics
1831,Ph.D,Mechanical Engineering
1831,Ph.D,Mechanical Engineering
1831,Ph.D,Mechanical Engineering
1831,Ph.D,Mechanical Engineering
1831,Ph.D,Physics
1831,Ph.D,Physics
1831,Ph.D,Physics
1835,Ph.D,Chemical Engineering
1835,Ph.D,Civil Engineering
1835,Ph.D,Civil Engineering
1835,Ph.D,Civil Engineering
1835,Ph.D,Electrical Engineering
1835,Ph.D,Mechanical Engineering
